<?xml version="1.0" encoding="UTF-8" standalone="yes"?>
<addon id="repository.evan-repo" name="Evans Repository" version="0.0.1" provider-name="Evan">
	<extension point="xbmc.addon.repository" name="Evans Repository">
		<dir>
			<info compressed="false">https://offshoregit.com/tvaresolvers/tva-common-repository/raw/master/addons.xml</info>
			<checksum>https://offshoregit.com/tvaresolvers/tva-common-repository/raw/master/addons.xml.md5</checksum>
			<datadir zip="true">https://offshoregit.com/tvaresolvers/tva-common-repository/raw/master/zips/</datadir>
		</dir>
		<dir>
			<info compressed="false">https://raw.githubusercontent.com/noobsandnerds/modules4all/master/zips/addons.xml</info>
			<checksum>https://raw.githubusercontent.com/noobsandnerds/modules4all/master/zips/addons.xml.md5</checksum>
			<datadir zip="true">https://raw.githubusercontent.com/noobsandnerds/modules4all/master/zips/</datadir>
		</dir>
		<info compressed="false">https://raw.githubusercontent.com/evanshoshan/repository.evan-repo/master/zips/addons.xml</info>
		<checksum>https://raw.githubusercontent.com/evanshoshan/repository.evan-repo/master/zips/addons.xml.md5</checksum>
		<datadir zip="true">https://raw.githubusercontent.com/evanshoshan/repository.evan-repo/master/zips/</datadir>
	</extension>
	<extension point="xbmc.addon.metadata">
		<summary lang="en">Kodi Repo</summary>
		<description lang="en">Repo fort kodi builds</description>
		<genre>devtools,tvshows,vietnamese</genre>
	</extension>
</addon>